"","mean","sd","min","max"
"mpg",20.090625,6.0269480520891,10.4,33.9
"cyl",6.1875,1.78592164694654,4,8
"disp",230.721875,123.938693831382,71.1,472
"hp",146.6875,68.5628684893206,52,335
"drat",3.5965625,0.534678736070971,2.76,4.93
"wt",3.21725,0.978457442989697,1.513,5.424
"qsec",17.84875,1.78694323609684,14.5,22.9
"vs",0.4375,0.504016128774185,0,1
"am",0.40625,0.498990917235846,0,1
"gear",3.6875,0.737804065256947,3,5
"carb",2.8125,1.61519997763185,1,8
